,playerID,age,H,2B,3B,HR,RBI,SB,CS,BB,SO,IBB,HBP,SLG,AVG,ISO
0,abreujo02,56.39853622827019,57.05585703403213,65.3007037468658,44.6584224416656,57.75911399039423,60.5079387666359,44.33860774043161,40.418107260900285,48.51202765427735,53.66486782353657,63.341234382746975,65.12681232158292,58.92183201610931,53.49701737485187,59.04813272944416
1,acunaro01,29.283292263507636,55.74611107638497,54.823395126882545,58.1356335119247,62.15270810148497,54.531662470327745,62.10833655515344,59.581892739099715,52.23408621974564,57.58042693141929,48.34491883257217,52.6917385334145,69.48511457725327,63.06557133551715,67.5092955966017
2,adamewi01,34.70634105646015,43.43449907450162,34.91650874891434,40.16601875157924,44.57833165712203,41.725356121095984,49.41567311606642,59.581892739099715,45.72048373017613,49.749308715653854,51.34418194260713,40.25666474524609,44.16262786150541,57.90284798206864,39.85270342870375
3,adamsma01,53.68701183179393,39.2433120100307,37.01197047291099,40.16601875157924,53.3655198793035,47.70163241740414,41.800075052614204,40.418107260900285,42.463682485391374,38.56199697884609,48.34491883257217,47.71770901814714,62.12109016310414,51.002595510363044,63.84756250569991
4,adriaeh01,50.975487435317675,44.48229584061936,51.680202540887564,44.6584224416656,40.18473754603129,43.85974051263461,48.14640677215772,44.25086435654017,42.463682485391374,46.113432401191325,48.34491883257217,40.25666474524609,44.558724988885984,48.91358311064784,44.04765656500512
5,aguilje01,48.26396303884142,57.84170460862043,53.77566426488421,40.16601875157924,72.03829485143912,73.31424511586766,41.800075052614204,40.418107260900285,58.28243138863162,63.17408279982317,51.34418194260713,52.6917385334145,67.05571419045663,56.77633154786022,67.25935396281687
6,ahmedni01,48.26396303884142,54.17441592720837,62.157511160870826,62.628037202011065,51.16872282375813,57.09292374017409,48.14640677215772,55.74913564345983,49.90779961632796,53.66486782353657,48.34491883257217,42.74367950287977,50.05039775965699,43.50963568081027,52.751580825743964
7,albieoz01,29.283292263507636,66.22407873756228,69.49162719485912,62.628037202011065,59.9559110459396,57.94667749678955,59.569803867336034,51.916378547819946,48.04677033359381,55.62264737747793,42.34639261250225,50.20472377578082,55.2958218544189,52.43844995472525,55.22034356285536
8,alfarjo01,40.129389849412654,46.05399098979595,44.346086506899276,49.15082613175197,44.57833165712203,43.005986756019155,45.60787408434032,40.418107260900285,39.672138561290154,61.775668832722204,60.341971272712016,72.58785659448395,46.86986611049472,52.532246377121496,45.266221921762074
9,allengr01,40.129389849412654,40.291108776148434,39.107432196907645,53.64322982183833,35.79114343494056,35.74907982478783,68.45466827469696,55.74913564345983,37.811109278556,39.40104535910667,45.34565572253721,55.17875329104818,36.95277982545184,50.86148261745418,34.28937687671802
10,almoral01,37.4178654529364,55.74611107638497,52.72793340288589,44.6584224416656,39.08633901825861,44.71349426925006,43.06934139652291,51.916378547819946,42.463682485391374,46.393115194611525,45.34565572253721,45.23069426051346,41.896447894623215,60.649112370328126,36.04680304002376
11,alonsyo01,56.39853622827019,56.270009459443834,47.48927909289426,40.16601875157924,58.857512518166914,62.64232315817452,41.800075052614204,40.418107260900285,55.02563014384686,57.58042693141929,45.34565572253721,42.74367950287977,48.46013193507584,48.66541322155955,48.741567127182236
12,altheaa01,45.55243864236517,34.00432817944204,39.107432196907645,44.6584224416656,42.38153460157666,43.432863634326885,45.60787408434032,48.083621452180054,48.04677033359381,48.630577541973075,42.34639261250225,47.71770901814714,38.34357315330487,25.74288992696292,46.34546017643671
13,altuvjo01,48.26396303884142,66.74797712062116,57.96658771287752,49.15082613175197,47.873527240440076,53.25103183540457,63.37760289906214,55.74913564345983,56.886659426581005,45.274384020930746,54.343445052642096,52.6917385334145,52.18436602506601,70.7729818056993,43.953580733543745
14,anderbr06,40.129389849412654,64.65238358838569,63.20524202286916,58.1356335119247,45.67673018489471,54.95853934863547,44.33860774043161,55.74913564345983,60.143460671365766,59.258523691940454,48.34491883257217,77.56188610975133,46.246081452910836,56.27455439716533,42.97983445024315
15,anderti01,40.129389849412654,58.103653800149864,56.918856850879195,53.64322982183833,55.562316934848866,54.531662470327745,74.80099999424047,71.08016402601936,45.25522640949259,64.85217956034434,48.34491883257217,47.71770901814714,47.71608465962934,45.29301640423083,49.26491988501922
16,andruel01,53.68701183179393,48.935432096619714,48.53700995489258,53.64322982183833,40.18473754603129,41.29847924278826,48.14640677215772,51.916378547819946,44.32471176812552,41.63850770646822,42.34639261250225,45.23069426051346,41.258787128717685,50.55967199523356,39.48165026241911
17,andujmi01,34.70634105646015,67.00992631215058,76.8257432288474,49.15082613175197,63.25110662925765,66.48421506294406,44.33860774043161,44.25086435654017,42.92893980607491,50.30867430249424,48.34491883257217,47.71770901814714,66.95217589525751,64.19010724314815,64.06219887044809
18,arciaor01,37.4178654529364,43.95839745756049,44.346086506899276,40.16601875157924,36.88954196271324,40.01784860786508,50.684939459975126,55.74913564345983,38.27636659923954,47.5118463682923,42.34639261250225,40.25666474524609,32.06394291611865,43.88742972474451,31.429370056150233
19,arenano01,45.55243864236517,68.31967226979775,67.39616547086246,49.15082613175197,75.33349043475717,74.16799887248311,44.33860774043161,48.083621452180054,65.26129119888466,57.30074413799909,72.33902371285185,45.23069426051346,70.88326511392759,64.16551561631209,68.69829518813734
20,baderha01,37.4178654529364,48.67348290509028,48.53700995489258,49.15082613175197,46.775128712667396,43.005986756019155,60.839070211244746,51.916378547819946,45.72048373017613,58.139792518259675,51.34418194260713,65.12681232158292,49.62480833807666,53.27194401242028,48.20125569479907
21,baezja01,42.84091424588891,68.58162146132717,69.49162719485912,80.59765196235652,70.93989632366643,74.59487575079083,68.45466827469696,74.91292112165925,44.78996908880906,69.88646984190783,66.34049749278194,50.20472377578082,70.67211923032153,62.10999648685497,69.30248224957661
22,barneau01,50.975487435317675,33.21848060485374,32.82104702491768,40.16601875157924,37.987940490485926,33.18781855494147,46.877140428249014,51.916378547819946,45.72048373017613,41.91819049988842,54.343445052642096,52.6917385334145,28.890775059444596,33.700768909534816,31.92089633294866
23,barnhtu01,45.55243864236517,52.34077158650234,49.58474081689091,53.64322982183833,44.57833165712203,46.84787866078869,41.800075052614204,55.74913564345983,56.42140210589747,50.02899150907405,48.34491883257217,42.74367950287977,41.86201037718643,47.94248354465012,41.27713003380154
24,bauerja01,34.70634105646015,39.50526120156013,50.63247167888924,49.15082613175197,45.67673018489471,47.70163241740414,49.41567311606642,63.4146498347396,56.42140210589747,52.2664538564356,42.34639261250225,45.23069426051346,47.325634467119485,32.44985436952036,54.13294570972736
25,bautijo02,75.37920700360397,35.57602332861864,41.202893920904295,40.16601875157924,43.47993312934935,43.005986756019155,44.33860774043161,48.083621452180054,55.02563014384686,46.67279798803172,48.34491883257217,50.20472377578082,43.209009273499774,33.395368005207786,48.89651187417428
26,beckhti01,48.26396303884142,44.74424503214879,45.3938173688976,40.16601875157924,46.775128712667396,42.15223299940371,43.06934139652291,48.083621452180054,43.85945444744198,51.147722682754825,42.34639261250225,45.23069426051346,42.67348521218075,42.13161790315068,44.642442013096925
27,bellico01,34.70634105646015,60.46119652391476,56.918856850879195,71.6128445821838,61.05430957371229,59.65418501002045,59.569803867336034,44.25086435654017,63.40026191615053,65.41154514718473,69.3397606028169,45.23069426051346,57.387889984385,52.09835576271823,57.82325225036416
28,belljo02,42.84091424588891,56.7939078425027,60.062049436874176,58.1356335119247,46.775128712667396,53.67790871371229,44.33860774043161,59.581892739099715,67.12232048161881,52.2664538564356,48.34491883257217,37.76964998761241,48.81790773650001,52.482077883087285,47.57938351634159
29,beltbr01,53.68701183179393,48.935432096619714,46.441548230895926,49.15082613175197,48.97192576821276,46.84787866078869,46.877140428249014,40.418107260900285,54.095115502479786,53.10550223669618,60.341971272712016,52.6917385334145,48.08605221908953,49.7072291719929,47.86921326995127
30,beltrad01,78.09073140008023,53.38856835262007,51.680202540887564,44.6584224416656,50.07032429598544,54.95853934863547,43.06934139652291,40.418107260900285,47.11625569222674,50.02899150907405,48.34491883257217,52.6917385334145,51.075597172798375,56.15349544081751,48.713166722234774
31,beninan01,37.4178654529364,66.48602792909172,70.53935805685744,67.12044089209743,51.16872282375813,64.34983067140543,68.45466827469696,51.916378547819946,64.3307765575176,52.82581944327599,45.34565572253721,42.74367950287977,56.83757225598179,62.01901062146645,53.06046961841384
32,bettsmo01,42.84091424588891,69.62941822744492,76.8257432288474,62.628037202011065,68.74309926812107,61.36169252325135,79.87806536987527,63.4146498347396,68.98334976435297,48.630577541973075,66.34049749278194,57.66576804868187,83.62597719666502,80.64114893101407,76.85896061458453
33,birdgr01,42.84091424588891,36.623820094736374,44.346086506899276,44.6584224416656,45.67673018489471,43.432863634326885,41.800075052614204,40.418107260900285,45.25522640949259,44.994701227510554,45.34565572253721,50.20472377578082,46.9400248968733,31.548989988851517,54.05286958478703
34,blackch02,59.11006062474644,70.15331661050378,60.062049436874176,71.6128445821838,65.44790368480302,57.09292374017409,57.03127117951863,55.74913564345983,58.747688709315156,60.656937659041425,48.34491883257217,57.66576804868187,60.96669077732026,62.211683365564895,57.83947254083069
35,bogaexa01,42.84091424588891,61.24704409850306,74.73028150485075,53.64322982183833,58.857512518166914,71.17986072432903,51.95420580388382,48.083621452180054,56.886659426581005,51.70708826959521,54.343445052642096,52.6917385334145,67.08497453725037,61.46817367910723,65.34755757791231
36,bonifjo01,40.129389849412654,36.361870903206935,44.346086506899276,49.15082613175197,37.987940490485926,37.029710459711005,41.800075052614204,44.25086435654017,44.78996908880906,43.036921673569196,45.34565572253721,42.74367950287977,42.76905956526734,40.210811915330886,45.55168052403258
37,bourju01,53.68701183179393,44.74424503214879,38.05970133490931,44.6584224416656,54.46391840707618,50.26289368725049,43.06934139652291,40.418107260900285,63.40026191615053,54.22423341037696,60.341971272712016,40.25666474524609,47.2926411349059,41.107512053870295,50.50282804576622
38,bradlja02,48.26396303884142,51.55492401191404,62.157511160870826,58.1356335119247,47.873527240440076,52.397278078789114,63.37760289906214,44.25086435654017,52.699343540429176,61.495986039302004,51.34418194260713,65.12681232158292,49.222194219911295,43.40358329468729,51.82098692945327
39,brantmi02,56.39853622827019,68.58162146132717,65.3007037468658,49.15082613175197,52.26712135153081,59.65418501002045,57.03127117951863,51.916378547819946,53.62985818179625,39.96041094594706,42.34639261250225,50.20472377578082,55.842313289184055,68.20988045168932,49.32126033553571
40,braunry02,67.24463381417522,49.45933047967858,53.77566426488421,44.6584224416656,55.562316934848866,54.531662470327745,55.76200483560993,59.581892739099715,47.11625569222674,46.95248078145191,57.342708162677056,42.74367950287977,57.92936558049176,50.102347517638734,59.28839821781915
41,bregmal01,37.4178654529364,67.00992631215058,81.01666667684071,44.6584224416656,67.64470074034838,71.17986072432903,54.49273849170123,55.74913564345983,75.96220957460602,46.95248078145191,48.34491883257217,67.61382707921659,68.3625496790761,60.702070636768354,67.16872771909149
42,brinsle01,37.4178654529364,42.38670230838389,38.05970133490931,62.628037202011065,45.67673018489471,45.14037114755779,44.33860774043161,44.25086435654017,39.20688124060662,56.741378551158704,48.34491883257217,47.71770901814714,37.18553975018089,31.689813216644936,42.51589839028781
43,bruceja01,56.39853622827019,41.07695635073673,46.441548230895926,44.6584224416656,43.47993312934935,43.005986756019155,44.33860774043161,51.916378547819946,50.3730569370115,44.15565284724997,54.343445052642096,37.76964998761241,43.27200540929281,39.54380836400354,46.42020078548611
44,bryankr01,42.84091424588891,50.24517805426688,56.918856850879195,53.64322982183833,47.873527240440076,49.40913993063504,44.33860774043161,55.74913564345983,53.62985818179625,53.10550223669618,60.341971272712016,80.048900867385,56.82143777809021,56.145598181868955,55.47784035311233
45,cabreas01,61.8215850212227,49.72127967120801,51.680202540887564,44.6584224416656,53.3655198793035,51.97040120048139,41.800075052614204,40.418107260900285,44.78996908880906,45.83374960777113,45.34565572253721,40.25666474524609,59.95548203847662,57.75504902590049,58.49819779002949
46,cabreme01,64.53310941769895,40.8150071592073,45.3938173688976,40.16601875157924,40.18473754603129,43.85974051263461,43.06934139652291,44.25086435654017,40.60265320265722,33.80738949070279,42.34639261250225,45.23069426051346,49.639654815250886,58.64184276290938,45.99123239846204
47,cainlo01,59.11006062474644,65.96212954603286,53.77566426488421,49.15082613175197,44.57833165712203,43.432863634326885,79.87806536987527,67.24740693037948,64.3307765575176,49.46962592223366,45.34565572253721,57.66576804868187,46.60180115835224,67.9457733432158,38.557074698454166
48,calhoko01,56.39853622827019,49.197381288149145,46.441548230895926,49.15082613175197,54.46391840707618,51.54352432217367,49.41567311606642,48.083621452180054,55.95614478521394,60.377254865621225,48.34491883257217,40.25666474524609,42.14487495523649,34.61171919691537,47.13973952349337
49,camarjo01,40.129389849412654,55.48416188485554,55.87112598888087,44.6584224416656,54.46391840707618,59.65418501002045,43.06934139652291,44.25086435654017,55.02563014384686,53.385185030116375,54.343445052642096,52.6917385334145,55.05425143183038,55.83238846678212,53.52823290414357
50,candeje01,40.129389849412654,54.17441592720837,56.918856850879195,53.64322982183833,54.46391840707618,50.26289368725049,45.60787408434032,48.083621452180054,62.00448995409991,67.92869028796648,45.34565572253721,60.15278280631555,46.60180115835224,40.18205476803078,50.073774522894894
51,canhama01,50.975487435317675,46.31594018132539,50.63247167888924,40.16601875157924,52.26712135153081,49.40913993063504,43.06934139652291,48.083621452180054,47.11625569222674,47.79152916171249,51.34418194260713,62.63979756394923,54.81683834073031,48.437640857601785,56.31628158755218
52,canoro01,69.95615821065147,47.10178775591368,50.63247167888924,40.16601875157924,44.57833165712203,48.55538617401959,41.800075052614204,40.418107260900285,46.18574105085967,36.32453463148453,48.34491883257217,47.71770901814714,56.93031276480338,66.36553014976084,51.36661695479985
53,carpema01,61.8215850212227,60.46119652391476,71.58708891885577,40.16601875157924,73.1366933792118,61.78856940155907,46.877140428249014,44.25086435654017,78.75375349870723,67.36932470112609,93.33386548309659,52.6917385334145,67.14696378258546,51.02390720296613,69.7529013151071
54,casteni01,42.84091424588891,70.93916418509207,75.77801236684908,62.628037202011065,58.857512518166914,65.20358442802087,44.33860774043161,44.25086435654017,54.095115502479786,65.41154514718473,57.342708162677056,52.6917385334145,62.22435899373154,64.75642861083347,58.26384051632602
55,castrst01,48.26396303884142,65.70018035450342,61.1097802988725,49.15082613175197,46.775128712667396,50.26289368725049,49.41567311606642,55.74913564345983,53.62985818179625,57.86010972483948,51.34418194260713,37.76964998761241,45.56424675848978,58.058622598603364,41.437436498278686
56,caveja01,42.84091424588891,42.38670230838389,45.3938173688976,49.15082613175197,47.873527240440076,46.421001782480964,44.33860774043161,44.25086435654017,39.672138561290154,51.70708826959521,48.34491883257217,45.23069426051346,59.20987936413489,54.834583432641594,58.832254130253226
57,cervefr01,59.11006062474644,45.00619422367822,43.29835564490095,53.64322982183833,46.775128712667396,51.54352432217367,44.33860774043161,51.916378547819946,55.02563014384686,46.67279798803172,45.34565572253721,75.07487135211764,50.704569071317735,51.67036187859262,50.1362144617021
58,chapmma01,40.129389849412654,62.294840864620795,71.58708891885577,67.12044089209743,59.9559110459396,56.23916998355865,43.06934139652291,48.083621452180054,58.28243138863162,64.01313118008375,42.34639261250225,60.15278280631555,64.62734994329465,57.93662288064454,63.92048308695433
59,chiriro01,64.53310941769895,43.43449907450162,43.29835564490095,44.6584224416656,53.3655198793035,54.95853934863547,44.33860774043161,40.418107260900285,52.23408621974564,62.33503441956259,42.34639261250225,85.02293038265236,49.8610803995878,39.42797846105045,54.22191918188326
60,choosh01,69.95615821065147,61.24704409850306,59.01431857487585,44.6584224416656,56.66071546262155,53.67790871371229,49.41567311606642,44.25086435654017,74.10118029187186,66.80995911428569,48.34491883257217,62.63979756394923,51.37291474642599,53.41609395553565,50.198538770993004
61,confomi01,40.129389849412654,57.05585703403213,53.77566426488421,44.6584224416656,64.34950515703034,62.215446279866796,45.60787408434032,55.74913564345983,70.37912172640357,67.64900749454628,66.34049749278194,55.17875329104818,53.73800706717031,46.36881341922303,55.90494334744905
62,contrwi01,42.84091424588891,53.38856835262007,55.87112598888087,62.628037202011065,44.57833165712203,50.26289368725049,46.877140428249014,44.25086435654017,55.95614478521394,57.0210613445789,48.34491883257217,70.10084183685028,45.75984331069667,48.31462455976806,45.70952301417691
63,correca01,37.4178654529364,47.62568613897255,48.53700995489258,44.6584224416656,50.07032429598544,54.95853934863547,45.60787408434032,40.418107260900285,55.95614478521394,54.22423341037696,51.34418194260713,42.74367950287977,47.649740608690166,44.942864885234975,49.332096507666954
64,cozarza01,61.8215850212227,35.31407413708921,41.202893920904295,49.15082613175197,39.08633901825861,34.89532606817238,41.800075052614204,40.418107260900285,40.13739588197369,34.92612066438356,42.34639261250225,55.17875329104818,42.476351090032054,38.273299115986816,46.01093875149497
65,crawfbr01,56.39853622827019,57.84170460862043,56.918856850879195,49.15082613175197,48.97192576821276,50.26289368725049,46.877140428249014,59.581892739099715,54.56037282316333,57.30074413799909,81.33681304295675,57.66576804868187,45.47340992232339,50.07451343926432,44.64244201309692
66,croncj01,48.26396303884142,55.74611107638497,56.918856850879195,44.6584224416656,66.54630221257571,58.800431253404994,43.06934139652291,48.083621452180054,48.51202765427735,63.733448386663554,48.34491883257217,80.048900867385,61.218988366852116,49.82700681419843,63.27366467430534
67,cruzne02,75.37920700360397,57.31780622556157,46.441548230895926,44.6584224416656,74.23509190698448,68.61859945448268,43.06934139652291,40.418107260900285,56.886659426581005,57.30074413799909,57.342708162677056,72.58785659448395,61.89794381198645,50.74784071092285,63.690650949874396
68,culbech01,50.975487435317675,43.43449907450162,46.441548230895926,49.15082613175197,46.775128712667396,46.421001782480964,46.877140428249014,48.083621452180054,41.067910523340764,46.95248078145191,57.342708162677056,47.71770901814714,56.94564301450105,55.406243992741864,55.93069078496408
69,dahlda01,37.4178654529364,40.291108776148434,39.107432196907645,53.64322982183833,51.16872282375813,47.70163241740414,48.14640677215772,51.916378547819946,40.13739588197369,42.19787329330861,54.343445052642096,40.25666474524609,66.3581495373754,56.34472645619966,66.61753180751765
70,davidma02,45.55243864236517,48.41153371356085,51.680202540887564,40.16601875157924,55.562316934848866,53.67790871371229,41.800075052614204,40.418107260900285,55.4908874645304,69.32710425506744,42.34639261250225,55.17875329104818,50.39378629847372,41.38614435498327,54.03650994635837
71,davisch02,59.11006062474644,43.17254988297219,40.15516305890597,40.16601875157924,51.16872282375813,48.128509295711865,44.33860774043161,40.418107260900285,50.3730569370115,76.87853967741268,48.34491883257217,55.17875329104818,31.272693579314172,21.424807736313582,39.81601606933393
72,daviskh01,56.39853622827019,59.67534894932646,56.918856850879195,44.6584224416656,86.31747571248401,79.71739829048354,41.800075052614204,40.418107260900285,58.747688709315156,72.12393218926938,57.342708162677056,67.61382707921659,69.60214812080181,47.51073387649591,74.09933430711492
73,dejonpa01,40.129389849412654,49.98322886273745,53.77566426488421,44.6584224416656,54.46391840707618,56.23916998355865,43.06934139652291,44.25086435654017,48.04677033359381,57.58042693141929,48.34491883257217,67.61382707921659,52.53479731784927,45.614517337354705,54.80196091870886
74,delmoni01,42.84091424588891,38.4574644354424,39.107432196907645,62.628037202011065,42.38153460157666,37.88346421632646,43.06934139652291,48.083621452180054,43.85945444744198,45.55406681435094,45.34565572253721,52.6917385334145,43.279769017577145,36.95598887725224,47.50279294236834
75,descada01,59.11006062474644,44.22034664908992,50.63247167888924,58.1356335119247,47.873527240440076,51.54352432217367,41.800075052614204,44.25086435654017,61.07397531273284,53.94455061695676,48.34491883257217,42.74367950287977,53.77512188910981,44.61576417182346,56.67580244517696
76,deshide02,42.84091424588891,41.33890554226616,42.25062478290262,44.6584224416656,35.79114343494056,36.602833581403274,67.18540193078826,55.74913564345983,51.303571578378566,46.393115194611525,42.34639261250225,45.23069426051346,28.57840821715176,37.21541923697642,30.095403629838138
77,desmoia01,61.8215850212227,56.7939078425027,49.58474081689091,76.10524827227016,57.75911399039423,64.77670754971315,67.18540193078826,63.4146498347396,55.95614478521394,64.01313118008375,42.34639261250225,52.6917385334145,49.81707690508523,44.02172980141173,52.264598981990694
78,deverra01,31.99481665998389,50.769076437325744,52.72793340288589,40.16601875157924,56.66071546262155,55.38541622694319,48.14640677215772,48.083621452180054,48.97728497496089,57.0210613445789,60.341971272712016,37.76964998761241,52.14046141482076,45.33993670777627,54.45182663393413
79,diazal02,48.26396303884142,51.55492401191404,54.823395126882545,40.16601875157924,53.3655198793035,50.68977056555821,45.60787408434032,55.74913564345983,41.99842516470784,40.519776532787446,48.34491883257217,45.23069426051346,54.899793341182665,52.99956507601642,54.52156159569364
80,diazel01,48.26396303884142,41.33890554226616,40.15516305890597,40.16601875157924,44.57833165712203,41.725356121095984,41.800075052614204,44.25086435654017,41.067910523340764,34.366755077543175,45.34565572253721,40.25666474524609,52.88474909326417,60.5421150564998,49.02163157597067
81,dickeco01,50.975487435317675,62.032891673091356,64.25297288486748,71.6128445821838,47.873527240440076,50.68977056555821,51.95420580388382,51.916378547819946,41.067910523340764,45.55406681435094,54.343445052642096,47.71770901814714,58.00172688256266,65.16083243675435,53.12712179116483
82,dietrde01,50.975487435317675,57.05585703403213,54.823395126882545,49.15082613175197,51.16872282375813,46.421001782480964,44.33860774043161,40.418107260900285,44.78996908880906,62.33503441956259,48.34491883257217,89.99695989791974,49.29009317132303,53.49701737485187,47.71401785879995
83,difowi01,42.84091424588891,47.10178775591368,42.25062478290262,71.6128445821838,41.28313607380397,45.14037114755779,54.49273849170123,51.916378547819946,49.44254229564442,46.113432401191325,57.342708162677056,42.74367950287977,38.751492258116244,42.14487103767078,40.02175302579998
84,doziebr01,56.39853622827019,46.83983856438425,49.58474081689091,49.15082613175197,51.16872282375813,49.40913993063504,51.95420580388382,51.916378547819946,52.699343540429176,50.02899150907405,45.34565572253721,45.23069426051346,48.232951102992836,40.960040811573904,51.67050721400164
85,doziehu01,45.55243864236517,44.22034664908992,47.48927909289426,58.1356335119247,45.67673018489471,41.725356121095984,44.33860774043161,51.916378547819946,42.463682485391374,53.66486782353657,42.34639261250225,40.25666474524609,46.937643817304014,41.77561381455,49.80795014389
86,dudalu01,59.11006062474644,42.12475311685446,40.15516305890597,44.6584224416656,47.873527240440076,47.70163241740414,43.06934139652291,40.418107260900285,42.463682485391374,49.749308715653854,48.34491883257217,57.66576804868187,47.85480494378368,45.98357732334721,49.14170612850108
87,duffyma01,45.55243864236517,61.24704409850306,50.63247167888924,44.6584224416656,37.987940490485926,45.99412490417323,57.03127117951863,63.4146498347396,53.16460086111272,49.18994312881346,45.34565572253721,55.17875329104818,38.79433275533691,63.37552304893087,31.265454411992494
88,duvalad01,53.68701183179393,40.291108776148434,47.48927909289426,40.16601875157924,50.07032429598544,53.25103183540457,44.33860774043161,48.083621452180054,47.11625569222674,51.147722682754825,51.34418194260713,47.71770901814714,48.41002860957114,33.84644688370358,54.82968057325642
89,dysonja01,64.53310941769895,32.694582221794874,31.773316162919357,49.15082613175197,35.79114343494056,32.334064798326025,62.10833655515344,51.916378547819946,43.85945444744198,32.68865831702201,48.34491883257217,37.76964998761241,24.332645312200654,28.486550880641627,28.720048893716125
90,eatonad02,53.68701183179393,47.62568613897255,46.441548230895926,44.6584224416656,39.08633901825861,41.29847924278826,53.22347214779253,44.25086435654017,48.97728497496089,41.07914211962783,42.34639261250225,65.12681232158292,46.57930253842616,65.60553652844926,39.501355833484936
91,encared01,67.24463381417522,54.698314310267236,44.346086506899276,44.6584224416656,68.74309926812107,72.88736823755994,45.60787408434032,40.418107260900285,60.6087179920493,60.09757207220103,48.34491883257217,57.66576804868187,56.673173376541165,47.335222616046245,58.958012694131234
92,engelad01,45.55243864236517,48.935432096619714,45.3938173688976,58.1356335119247,40.18473754603129,39.59097172955735,62.10833655515344,71.08016402601936,39.672138561290154,59.258523691940454,42.34639261250225,57.66576804868187,36.346468685893896,43.820604780733106,36.496536952086984
93,ervinph01,42.84091424588891,36.8857692862658,38.05970133490931,44.6584224416656,41.28313607380397,40.44472548617281,49.41567311606642,44.25086435654017,40.60265320265722,39.96041094594706,45.34565572253721,50.20472377578082,46.61975877242168,49.42813719261075,46.25952806727737
94,escobal02,59.11006062474644,51.81687320344348,50.63247167888924,53.64322982183833,37.987940490485926,41.725356121095984,51.95420580388382,48.083621452180054,44.78996908880906,43.875970053829775,45.34565572253721,50.20472377578082,33.36829847346185,42.32300956125125,33.61320479443651
95,escobed01,50.975487435317675,48.935432096619714,66.34843460886414,53.64322982183833,50.07032429598544,54.10478559202002,43.06934139652291,51.916378547819946,47.11625569222674,48.630577541973075,60.341971272712016,45.23069426051346,67.34577328041203,56.79837208679038,67.59153731745029
96,fletcda02,37.4178654529364,42.91060069144276,46.441548230895926,49.15082613175197,34.69274490716788,37.88346421632646,45.60787408434032,40.418107260900285,38.27636659923954,32.68865831702201,42.34639261250225,45.23069426051346,40.8031779748693,56.862010262574664,36.33123365257242
97,florewi01,45.55243864236517,49.45933047967858,53.77566426488421,40.16601875157924,45.67673018489471,48.98226305232731,41.800075052614204,40.418107260900285,44.78996908880906,34.92612066438356,45.34565572253721,50.20472377578082,49.44772114812069,54.265308905391485,47.58081013948113
98,flowety01,59.11006062474644,37.40966766932467,37.01197047291099,40.16601875157924,42.38153460157666,40.01784860786508,41.800075052614204,40.418107260900285,47.58151301291028,44.43533564067016,42.34639261250225,60.15278280631555,39.59283866050479,41.047289733809016,41.4670934057542
99,fowlede01,59.11006062474644,36.0999217116775,38.05970133490931,40.16601875157924,42.38153460157666,40.44472548617281,48.14640677215772,48.083621452180054,48.97728497496089,44.15565284724997,42.34639261250225,45.23069426051346,31.805182837003446,25.36406394678056,38.80857356428586
100,francma02,42.84091424588891,53.12661916109064,45.3938173688976,44.6584224416656,57.75911399039423,56.23916998355865,43.06934139652291,40.418107260900285,44.78996908880906,40.519776532787446,63.341234382746975,37.76964998761241,55.136520129663424,55.3854870080731,53.81042201019868
101,fraziad01,45.55243864236517,45.530092606737085,51.680202540887564,49.15082613175197,44.57833165712203,42.15223299940371,43.06934139652291,51.916378547819946,44.78996908880906,38.002631392005696,48.34491883257217,45.23069426051346,55.974245116991554,57.55426553827586,53.89657844784901
102,frazito01,59.11006062474644,45.26814341520765,46.441548230895926,40.16601875157924,53.3655198793035,52.397278078789114,53.22347214779253,55.74913564345983,53.62985818179625,54.503916203797154,45.34565572253721,57.66576804868187,45.64709869075376,36.4393966267681,50.50282804576622
103,freemfr01,50.975487435317675,72.51085933426867,73.68255064285242,58.1356335119247,58.857512518166914,69.0454763327904,54.49273849170123,51.916378547819946,66.65706316093528,60.09757207220103,78.33754993292177,55.17875329104818,62.2696386309184,68.30617256671965,56.84464982421119
104,freesda01,67.24463381417522,40.291108776148434,38.05970133490931,44.6584224416656,43.47993312934935,45.14037114755779,41.800075052614204,40.418107260900285,39.672138561290154,38.84167977226628,45.34565572253721,45.23069426051346,51.39462957106937,59.359372965053474,47.75875325804651
105,gallojo01,40.129389849412654,49.45933047967858,52.72793340288589,44.6584224416656,77.53028749030254,66.48421506294406,45.60787408434032,55.74913564345983,65.72654851956821,81.0737815787156,54.343445052642096,45.23069426051346,63.23779070041208,34.03331656091315,72.20068193226147
106,galvifr01,50.975487435317675,61.50899329003249,60.062049436874176,62.628037202011065,47.873527240440076,55.812293105250916,51.95420580388382,63.4146498347396,52.23408621974564,64.29281397350394,48.34491883257217,42.74367950287977,43.75424327049904,47.836806116796254,43.547644622378485
107,gamelbe01,42.84091424588891,40.8150071592073,42.25062478290262,58.1356335119247,34.69274490716788,35.322202946480104,50.684939459975126,51.916378547819946,45.72048373017613,40.24009373936725,45.34565572253721,47.71770901814714,41.61907178141638,56.10568168624974,37.60506734591068
108,garciav01,45.55243864236517,44.48229584061936,39.107432196907645,49.15082613175197,54.46391840707618,48.128509295711865,45.60787408434032,44.25086435654017,40.60265320265722,51.70708826959521,48.34491883257217,47.71770901814714,51.52579687138715,43.99480014040327,54.286499926841365
109,garcile02,45.55243864236517,40.8150071592073,34.91650874891434,58.1356335119247,37.987940490485926,40.87160236448053,57.03127117951863,44.25086435654017,35.484822675138325,42.477556086728804,42.34639261250225,45.23069426051346,40.50880281217018,55.75460734008978,36.44419178492628
110,gardnbr01,67.24463381417522,55.2222126933261,48.53700995489258,71.6128445821838,46.775128712667396,46.421001782480964,62.10833655515344,48.083621452180054,61.539232633416376,53.10550223669618,42.34639261250225,50.20472377578082,41.37637640487968,43.959550230356804,42.35782708076749
111,garvemi01,45.55243864236517,43.696448266031055,47.48927909289426,49.15082613175197,41.28313607380397,46.421001782480964,41.800075052614204,40.418107260900285,44.78996908880906,43.31660446698939,48.34491883257217,42.74367950287977,49.00927765501163,54.72174462083371,46.87553867760871
112,gattiev01,59.11006062474644,46.57788937285482,45.3938173688976,40.16601875157924,61.05430957371229,60.5079387666359,43.06934139652291,40.418107260900285,46.6509983715432,51.42740547617502,48.34491883257217,45.23069426051346,54.7134657479163,40.69897685561682,59.40472230858291
113,gennesc01,48.26396303884142,69.89136741897434,59.01431857487585,53.64322982183833,58.857512518166914,66.48421506294406,46.877140428249014,48.083621452180054,50.83831425769503,58.139792518259675,51.34418194260713,47.71770901814714,58.2693645751536,68.59549506786342,52.017327175915995
114,goldspa01,56.39853622827019,67.53382469520945,64.25297288486748,62.628037202011065,69.84149779589376,62.64232315817452,50.684939459975126,55.74913564345983,73.17066565050479,71.564566602429,75.33828682288683,52.6917385334145,66.51851790792117,61.9841429352784,64.46695193136776
115,gomesya01,56.39853622827019,50.50712724579631,54.823395126882545,40.16601875157924,51.16872282375813,47.70163241740414,41.800075052614204,40.418107260900285,41.067910523340764,56.46169575773851,48.34491883257217,57.66576804868187,54.486906812990384,53.82278994889093,53.69421597308163
116,gomezca01,61.8215850212227,42.12475311685446,43.29835564490095,49.15082613175197,43.47993312934935,40.87160236448053,57.03127117951863,51.916378547819946,42.92893980607491,51.986771063015404,42.34639261250225,89.99695989791974,37.48729774546604,34.8092610807959,41.57700931908529
117,gonzaca01,61.8215850212227,56.0080602679144,61.1097802988725,58.1356335119247,51.16872282375813,54.531662470327745,48.14640677215772,48.083621452180054,48.51202765427735,54.78359899721735,54.343445052642096,40.25666474524609,57.474255188201425,57.46392019647212,55.69918628739372
118,gonzama01,50.975487435317675,54.17441592720837,53.77566426488421,53.64322982183833,51.16872282375813,56.23916998355865,44.33860774043161,51.916378547819946,55.95614478521394,58.41947531167987,51.34418194260713,45.23069426051346,48.113088823488916,47.81534253807712,48.6858041555049
119,goodrni01,42.84091424588891,51.031025628855176,57.96658771287752,53.64322982183833,51.16872282375813,49.836016808942766,57.03127117951863,55.74913564345983,50.83831425769503,60.09757207220103,45.34565572253721,47.71770901814714,52.98532850927005,47.167450827963485,54.687947800905306
120,gordoal01,64.53310941769895,54.96026350179667,52.72793340288589,40.16601875157924,47.873527240440076,50.26289368725049,57.03127117951863,48.083621452180054,54.56037282316333,57.86010972483948,54.343445052642096,62.63979756394923,41.51450451941517,47.02239122858362,41.24986828059393
121,gordode01,53.68701183179393,61.50899329003249,45.3938173688976,76.10524827227016,37.987940490485926,42.57910987771143,79.87806536987527,86.4111924085789,35.484822675138325,45.55406681435094,42.34639261250225,60.15278280631555,36.63692229990636,54.64648608807622,32.347631028122215
122,gourryu01,64.53310941769895,63.34263763073852,62.157511160870826,44.6584224416656,47.873527240440076,63.496076914789974,48.14640677215772,44.25086435654017,41.99842516470784,40.79945932620764,42.34639261250225,52.6917385334145,50.08847275944743,62.134522006435944,45.070575070919766
123,grandcu01,72.66768260712772,41.862803925325025,49.58474081689091,44.6584224416656,45.67673018489471,42.15223299940371,44.33860774043161,44.25086435654017,50.83831425769503,50.02899150907405,45.34565572253721,45.23069426051346,52.890910415105594,47.01368647630295,54.64062480647922
124,grandya01,53.68701183179393,50.24517805426688,51.680202540887564,49.15082613175197,59.9559110459396,56.23916998355865,44.33860774043161,44.25086435654017,64.79603387820113,57.86010972483948,45.34565572253721,45.23069426051346,57.2912704622303,45.64225275448384,60.387619032338485
125,gregodi01,48.26396303884142,57.84170460862043,51.680202540887564,62.628037202011065,63.25110662925765,63.922953793097705,54.49273849170123,63.4146498347396,53.62985818179625,42.477556086728804,51.34418194260713,55.17875329104818,60.32762587769832,54.60376413902967,60.243304830834674
126,grichra01,45.55243864236517,49.72127967120801,61.1097802988725,44.6584224416656,61.05430957371229,53.25103183540457,45.60787408434032,48.083621452180054,43.85945444744198,57.30074413799909,42.34639261250225,57.66576804868187,64.544963489633,47.096792224491956,68.32001765670091
127,grossro01,50.975487435317675,50.769076437325744,55.87112598888087,44.6584224416656,39.08633901825861,47.70163241740414,41.800075052614204,44.25086435654017,59.21294602999869,46.393115194611525,42.34639261250225,42.74367950287977,44.38464549285927,56.2233143892488,40.81065114558238
128,gurrilo01,40.129389849412654,40.8150071592073,35.964239610912664,40.16601875157924,45.67673018489471,42.15223299940371,43.06934139652291,48.083621452180054,35.484822675138325,39.68072815252686,45.34565572253721,42.74367950287977,50.82226516504749,59.015791929117945,47.22774669479348
129,guzmaro01,37.4178654529364,46.31594018132539,46.441548230895926,49.15082613175197,51.16872282375813,51.97040120048139,43.06934139652291,40.418107260900285,46.6509983715432,57.0210613445789,48.34491883257217,55.17875329104818,49.29312831938026,43.72445974500817,51.77135525498444
130,gyorkje01,53.68701183179393,46.57788937285482,47.48927909289426,44.6584224416656,45.67673018489471,47.27475553909641,44.33860774043161,40.418107260900285,51.76882889906211,44.71501843409036,42.34639261250225,45.23069426051346,48.733913963483595,52.6919873479353,47.393471353876585
131,hamilbi02,48.26396303884142,53.65051754414951,44.346086506899276,80.59765196235652,37.987940490485926,39.59097172955735,84.95513074551008,78.74567821729914,52.699343540429176,60.09757207220103,42.34639261250225,40.25666474524609,34.74273693120594,44.046695841304995,34.515566148951365
132,hanigmi01,48.26396303884142,67.00992631215058,67.39616547086246,58.1356335119247,62.15270810148497,66.91109194125178,51.95420580388382,48.083621452180054,63.86551923683406,64.57249676692415,54.343445052642096,62.63979756394923,60.82090378539152,60.38269623992342,58.4266024492566
133,hansoal01,42.84091424588891,41.862803925325025,45.3938173688976,62.628037202011065,42.38153460157666,43.85974051263461,50.684939459975126,51.916378547819946,35.484822675138325,43.036921673569196,42.34639261250225,40.25666474524609,51.4227554391789,49.230970451794796,51.99322449363502
134,happia01,37.4178654529364,46.05399098979595,47.48927909289426,49.15082613175197,50.07032429598544,45.99412490417323,51.95420580388382,55.74913564345983,63.86551923683406,69.88646984190783,69.3397606028169,45.23069426051346,48.384404991048186,42.865163488216616,51.05846393079569
135,harpebr03,42.84091424588891,58.365602991679296,63.20524202286916,40.16601875157924,70.93989632366643,69.89923008940586,58.30053752342734,51.916378547819946,91.78095847784627,70.44583542874821,90.33460237306163,52.6917385334145,62.29998822557337,48.36309717485198,65.15297349302928
136,harrijo05,56.39853622827019,45.00619422367822,41.202893920904295,44.6584224416656,42.38153460157666,43.005986756019155,45.60787408434032,40.418107260900285,39.672138561290154,42.19787329330861,45.34565572253721,50.20472377578082,39.71366989987962,48.66541322155955,38.449198634207136
137,healyry01,42.84091424588891,52.864669969561206,43.29835564490095,40.16601875157924,59.9559110459396,58.37355437509727,41.800075052614204,40.418107260900285,43.85945444744198,54.78359899721735,42.34639261250225,42.74367950287977,47.16294320827322,43.775006583642956,49.24370001222189
138,hechaad01,50.975487435317675,37.14771847779524,34.91650874891434,40.16601875157924,36.88954196271324,38.31034109463418,43.06934139652291,40.418107260900285,36.880594637188935,33.527706697282596,45.34565572253721,37.76964998761241,33.91741793293199,51.34724911977186,30.51602406834286
139,hedgeau01,42.84091424588891,40.8150071592073,42.25062478290262,49.15082613175197,48.97192576821276,43.005986756019155,45.60787408434032,40.418107260900285,41.067910523340764,48.35089474855288,51.34418194260713,40.25666474524609,51.52144988027374,42.35469046438007,54.961720388977646
140,heredgu01,45.55243864236517,40.55305796767786,42.25062478290262,44.6584224416656,39.08633901825861,35.322202946480104,44.33860774043161,55.74913564345983,46.18574105085967,37.7229485985855,42.34639261250225,47.71770901814714,37.795081091945626,44.10996594240438,38.08115628105148
141,hernace02,48.26396303884142,62.55679005615022,43.29835564490095,53.64322982183833,50.07032429598544,52.824154957096844,65.91613558687955,63.4146498347396,75.49695225392247,66.5302763208655,54.343445052642096,47.71770901814714,38.448028586597275,49.627327915629095,36.56084672888444
142,hernaen02,45.55243864236517,49.45933047967858,45.3938173688976,53.64322982183833,56.66071546262155,49.40913993063504,45.60787408434032,40.418107260900285,54.56037282316333,44.994701227510554,57.342708162677056,40.25666474524609,56.68950327038162,50.733495630628745,57.567587327399686
143,hernago01,56.39853622827019,47.88763533050198,44.346086506899276,49.15082613175197,50.07032429598544,44.28661739094234,51.95420580388382,59.581892739099715,43.85945444744198,54.78359899721735,45.34565572253721,47.71770901814714,44.83511604922943,43.44425444388049,46.64163724832189
144,hernate01,42.84091424588891,52.34077158650234,57.96658771287752,71.6128445821838,57.75911399039423,51.54352432217367,48.14640677215772,59.581892739099715,50.3730569370115,68.76773866822705,42.34639261250225,45.23069426051346,58.8226324102576,45.1722656230477,62.38459972738692
145,herreod01,45.55243864236517,59.1514505662676,47.48927909289426,53.64322982183833,57.75911399039423,57.519800618481824,48.14640677215772,48.083621452180054,48.97728497496089,57.30074413799909,51.34418194260713,55.17875329104818,48.232951102992836,50.17699345509739,47.84721255683636
146,herrero02,42.84091424588891,38.98136281850127,42.25062478290262,53.64322982183833,34.69274490716788,35.74907982478783,45.60787408434032,55.74913564345983,40.13739588197369,37.7229485985855,42.34639261250225,42.74367950287977,35.62570085162349,44.586998629183825,35.33046722562763
147,heywaja01,50.975487435317675,53.65051754414951,51.680202540887564,58.1356335119247,42.38153460157666,51.54352432217367,43.06934139652291,44.25086435654017,50.83831425769503,39.96041094594706,45.34565572253721,42.74367950287977,45.302318369121885,55.46752427247988,42.20402964286039
148,hicksaa01,50.975487435317675,53.65051754414951,46.441548230895926,53.64322982183833,63.25110662925765,60.934815644943626,55.76200483560993,48.083621452180054,73.17066565050479,54.22423341037696,45.34565572253721,45.23069426051346,56.04797172664868,47.97260561452138,57.95791527770994
149,hicksjo02,50.975487435317675,42.12475311685446,40.15516305890597,44.6584224416656,43.47993312934935,40.87160236448053,41.800075052614204,44.25086435654017,41.5331678440243,46.67279798803172,42.34639261250225,37.76964998761241,45.790757158100384,52.129451256750464,44.1634681546576
150,holtbr01,53.68701183179393,45.79204179826652,46.441548230895926,49.15082613175197,41.28313607380397,46.84787866078869,50.684939459975126,67.24740693037948,48.51202765427735,43.59628726040958,48.34491883257217,55.17875329104818,47.6851692835777,57.7301856500965,44.06946393944989
151,hoskirh01,40.129389849412654,58.365602991679296,67.39616547086246,40.16601875157924,70.93989632366643,68.19172257617495,48.14640677215772,51.916378547819946,71.77489368845418,65.13186235376453,48.34491883257217,60.15278280631555,62.938635072237716,47.175504389219384,66.39712564801816
152,hosmeer01,50.975487435317675,63.080688439209084,60.062049436874176,49.15082613175197,53.3655198793035,56.66604686186637,50.684939459975126,55.74913564345983,60.143460671365766,62.894400006402975,72.33902371285185,40.25666474524609,46.033781351637806,49.614774379654285,45.492562009804885
153,hundlni01,67.24463381417522,40.291108776148434,41.202893920904295,49.15082613175197,44.57833165712203,40.44472548617281,44.33860774043161,44.25086435654017,41.5331678440243,46.95248078145191,48.34491883257217,40.25666474524609,47.817258516628165,45.71729574480133,49.20798006800786
154,iannech01,67.24463381417522,40.029159584618995,41.202893920904295,44.6584224416656,45.67673018489471,42.57910987771143,41.800075052614204,40.418107260900285,54.56037282316333,47.5118463682923,57.342708162677056,55.17875329104818,44.50840114021371,40.045867073793524,47.6668655740783
155,iglesjo01,48.26396303884142,52.864669969561206,60.062049436874176,53.64322982183833,39.08633901825861,47.70163241740414,60.839070211244746,63.4146498347396,40.13739588197369,36.32453463148453,42.34639261250225,57.66576804868187,45.790757158100384,54.82370306189893,43.04586248496586
156,inciaen01,48.26396303884142,63.866536013797386,55.87112598888087,67.12044089209743,44.57833165712203,53.25103183540457,77.33953268205786,94.07670659985868,54.095115502479786,47.232163574872104,45.34565572253721,52.6917385334145,42.63676799308851,53.539436587657306,39.86714485157126
157,jankotr01,45.55243864236517,46.05399098979595,40.15516305890597,53.64322982183833,37.987940490485926,34.46844918986465,72.26246730642306,67.24740693037948,48.51202765427735,43.59628726040958,42.34639261250225,40.25666474524609,36.57798518731012,51.7800526076678,33.46730553492772
158,jayjo02,61.8215850212227,41.60085473379559,37.01197047291099,49.15082613175197,34.69274490716788,34.89532606817238,45.60787408434032,48.083621452180054,40.13739588197369,34.08707228412298,42.34639261250225,45.23069426051346,39.367171403887454,67.5284102535235,30.216876394218655
159,jayjo02,61.8215850212227,40.291108776148434,38.05970133490931,62.628037202011065,35.79114343494056,36.602833581403274,43.06934139652291,44.25086435654017,37.811109278556,38.84167977226628,42.34639261250225,75.07487135211764,34.6445501916189,43.775006583642956,34.512724979252255
160,jonesad01,61.8215850212227,65.17628197144455,64.25297288486748,40.16601875157924,50.07032429598544,54.10478559202002,50.684939459975126,44.25086435654017,42.463682485391374,49.18994312881346,45.34565572253721,50.20472377578082,48.83928891000061,58.985857574680054,44.906703452235845
161,jonesja07,42.84091424588891,45.79204179826652,50.63247167888924,67.12044089209743,45.67673018489471,41.725356121095984,58.30053752342734,59.581892739099715,42.463682485391374,62.894400006402975,42.34639261250225,65.12681232158292,42.904527950500196,34.51857257434632,48.072296775627414
162,josepca01,59.11006062474644,37.6716168608541,42.25062478290262,49.15082613175197,36.88954196271324,34.46844918986465,44.33860774043161,44.25086435654017,35.95007999582186,42.19787329330861,42.34639261250225,45.23069426051346,35.62570085162349,38.312514640913506,37.93319309790166
163,joycema01,64.53310941769895,33.7423789879126,37.01197047291099,40.16601875157924,41.28313607380397,33.6146954332492,41.800075052614204,48.083621452180054,47.58151301291028,38.002631392005696,48.34491883257217,40.25666474524609,40.02151638973126,34.60844728165441,44.642442013096925
164,judgeaa01,42.84091424588891,52.602720778031774,50.63247167888924,40.16601875157924,63.25110662925765,55.812293105250916,49.41567311606642,51.916378547819946,66.65706316093528,65.69122794060492,51.34418194260713,47.71770901814714,65.40518165013009,58.126514683291624,64.75702458155095
165,kempma01,64.53310941769895,57.579755417091,53.77566426488421,40.16601875157924,56.66071546262155,63.496076914789974,41.800075052614204,40.418107260900285,48.04677033359381,55.34296458405773,48.34491883257217,40.25666474524609,57.62112522881318,61.98171527891681,53.99798335196358
166,kempto01,45.55243864236517,40.029159584618995,43.29835564490095,40.16601875157924,40.18473754603129,40.01784860786508,53.22347214779253,51.916378547819946,46.18574105085967,35.48548625122395,45.34565572253721,45.23069426051346,45.24485498218324,52.90376564108725,43.19988545120909
167,keplema01,40.129389849412654,53.65051754414951,59.01431857487585,58.1356335119247,55.562316934848866,51.97040120048139,46.877140428249014,59.581892739099715,64.3307765575176,50.02899150907405,48.34491883257217,50.20472377578082,49.33469273226763,39.91415923791935,53.400821138844435
168,kiermke01,48.26396303884142,41.33890554226616,40.15516305890597,80.59765196235652,41.28313607380397,39.59097172955735,54.49273849170123,59.581892739099715,42.92893980607491,48.630577541973075,48.34491883257217,52.6917385334145,42.93662688515377,37.64726814577159,46.81225129952081
169,kineris01,34.70634105646015,46.83983856438425,46.441548230895926,49.15082613175197,37.987940490485926,41.725356121095984,50.684939459975126,59.581892739099715,44.32471176812552,40.519776532787446,45.34565572253721,52.6917385334145,39.342267528328165,52.40190368648458,36.46221431840296
170,kingesc01,37.4178654529364,49.197381288149145,51.680202540887564,49.15082613175197,42.38153460157666,42.15223299940371,54.49273849170123,51.916378547819946,42.463682485391374,58.41947531167987,45.34565572253721,45.23069426051346,37.85902992114876,40.57243940483035,39.62381326626371
171,kinslia01,69.95615821065147,44.74424503214879,48.53700995489258,40.16601875157924,47.873527240440076,40.87160236448053,53.22347214779253,55.74913564345983,45.25522640949259,34.366755077543175,42.34639261250225,47.71770901814714,48.067845033478974,45.15258591826735,49.737104800327515
172,kipnija01,56.39853622827019,54.436365118737804,56.918856850879195,44.6584224416656,53.3655198793035,59.227308131712725,50.684939459975126,44.25086435654017,59.21294602999869,54.503916203797154,45.34565572253721,55.17875329104818,45.578793155336136,42.077205033875714,48.08382399977035
173,kratzer01,75.37920700360397,35.05212494555977,33.86877788691601,40.16601875157924,40.18473754603129,37.029710459711005,43.06934139652291,40.418107260900285,34.089050713087715,34.366755077543175,42.34639261250225,55.17875329104818,38.12732098619648,44.160457353133914,38.45117401041333
174,lambja01,48.26396303884142,34.528226562500905,35.964239610912664,40.16601875157924,40.18473754603129,40.44472548617281,43.06934139652291,48.083621452180054,43.39419712675844,41.358824913048025,42.34639261250225,40.25666474524609,38.322598862849546,39.42797846105045,40.64405154264698
175,lemahdj01,53.68701183179393,60.98509490697363,61.1097802988725,49.15082613175197,50.07032429598544,53.67790871371229,49.41567311606642,59.581892739099715,48.51202765427735,46.113432401191325,42.34639261250225,42.74367950287977,50.5422677037917,57.24426914360833,47.6331080560351
176,leonsa01,50.975487435317675,34.790175754030344,40.15516305890597,40.16601875157924,39.08633901825861,36.602833581403274,43.06934139652291,40.418107260900285,38.27636659923954,44.15565284724997,42.34639261250225,47.71770901814714,29.875025298367287,24.50864986671878,36.892102748992045
177,lindofr01,40.129389849412654,70.4152658020332,71.58708891885577,49.15082613175197,75.33349043475717,66.48421506294406,73.53173365033176,78.74567821729914,63.86551923683406,53.10550223669618,63.341234382746975,57.66576804868187,64.99209139653621,57.59539932135577,64.49123464603153
178,longoev01,61.8215850212227,53.12661916109064,53.77566426488421,58.1356335119247,51.16872282375813,50.26289368725049,45.60787408434032,44.25086435654017,41.5331678440243,51.42740547617502,51.34418194260713,50.20472377578082,48.96560928646057,46.586990400444996,50.198538770993004
179,lowrije01,64.53310941769895,64.12848520532683,66.34843460886414,44.6584224416656,58.857512518166914,69.47235321109812,41.800075052614204,40.418107260900285,67.58757780230235,58.97884089852026,45.34565572253721,45.23069426051346,54.13355392286722,54.245071801732834,53.103241982306876
180,lucrojo01,59.11006062474644,48.67348290509028,49.58474081689091,44.6584224416656,37.987940490485926,48.98226305232731,41.800075052614204,40.418107260900285,44.78996908880906,41.358824913048025,45.34565572253721,45.23069426051346,35.09806704275198,45.660464564526464,34.26429036228646
181,machadi01,42.84091424588891,34.00432817944204,41.202893920904295,44.6584224416656,34.69274490716788,36.17595670309555,43.06934139652291,44.25086435654017,37.811109278556,34.64643787096337,45.34565572253721,45.23069426051346,31.79949652053893,33.9027838379422,35.25992605712674
182,machama01,42.84091424588891,52.602720778031774,49.58474081689091,44.6584224416656,59.9559110459396,54.95853934863547,51.95420580388382,44.25086435654017,52.23408621974564,37.44326580516531,78.33754993292177,37.76964998761241,71.83859558951497,70.30378779754659,67.27625327436087
183,machama01,42.84091424588891,41.60085473379559,42.25062478290262,49.15082613175197,47.873527240440076,45.14037114755779,49.41567311606642,44.25086435654017,42.92893980607491,38.002631392005696,60.341971272712016,42.74367950287977,59.428626715533525,56.44976835682,58.41966760416044
184,mahtomi01,50.975487435317675,34.26627737097147,31.773316162919357,49.15082613175197,43.47993312934935,39.59097172955735,46.877140428249014,44.25086435654017,41.067910523340764,41.63850770646822,45.34565572253721,45.23069426051346,39.5593295588008,32.63452868202134,44.91736871211142
185,mailelu01,45.55243864236517,35.57602332861864,41.202893920904295,44.6584224416656,36.88954196271324,38.737217972941906,44.33860774043161,40.418107260900285,42.92893980607491,41.91819049988842,42.34639261250225,42.74367950287977,42.429717966614724,47.84227547062308,41.98674537224526
186,maldoma01,59.11006062474644,37.93356605238353,42.25062478290262,40.16601875157924,39.08633901825861,40.87160236448053,41.800075052614204,44.25086435654017,37.34585195787247,43.59628726040958,42.34639261250225,62.63979756394923,36.95277982545184,39.567411438567575,38.97428344681127
187,mancitr01,42.84091424588891,59.41339975779703,51.680202540887564,53.64322982183833,59.9559110459396,51.97040120048139,41.800075052614204,44.25086435654017,51.76882889906211,65.97091073402511,45.34565572253721,50.20472377578082,48.434369160303554,46.09416849440753,49.77783183553908
188,margoma01,37.4178654529364,53.12661916109064,54.823395126882545,76.10524827227016,42.38153460157666,48.98226305232731,55.76200483560993,78.74567821729914,46.18574105085967,47.79152916171249,54.343445052642096,42.74367950287977,44.915253668421954,47.096792224491956,45.220825540268926
189,marisja01,45.55243864236517,34.26627737097147,35.964239610912664,44.6584224416656,44.57833165712203,39.16409485124963,49.41567311606642,48.083621452180054,38.27636659923954,46.67279798803172,45.34565572253721,47.71770901814714,46.85706719037737,35.78504644282151,52.19808597721009
190,markani01,67.24463381417522,70.93916418509207,72.63481978085409,49.15082613175197,48.97192576821276,66.91109194125178,43.06934139652291,44.25086435654017,64.79603387820113,45.55406681435094,72.33902371285185,40.25666474524609,52.27844733273443,64.27860552142484,46.75823022886739
191,marteke01,40.129389849412654,57.84170460862043,54.823395126882545,94.07486303261564,48.97192576821276,52.397278078789114,49.41567311606642,44.25086435654017,56.42140210589747,45.274384020930746,51.34418194260713,45.23069426051346,52.51618356018883,51.862986792505005,52.18812249066401
192,martest01,53.68701183179393,63.080688439209084,61.1097802988725,62.628037202011065,55.562316934848866,57.94667749678955,83.68586440160138,94.07670659985868,47.58151301291028,53.66486782353657,48.34491883257217,57.66576804868187,55.467786832405906,57.73759870191641,53.224556800446116
193,martijd02,56.39853622827019,71.72501175968037,66.34843460886414,49.15082613175197,80.82548307362059,82.70553643863762,49.41567311606642,44.25086435654017,63.40026191615053,64.01313118008375,75.33828682288683,47.71770901814714,80.26904179662603,75.403647053824,75.08127280600678
194,martijo08,53.68701183179393,65.17628197144455,59.01431857487585,40.16601875157924,52.26712135153081,62.64232315817452,41.800075052614204,51.916378547819946,54.095115502479786,52.2664538564356,42.34639261250225,42.74367950287977,53.50150433242375,67.03649134077426,47.053456491533034
195,martile01,53.68701183179393,42.38670230838389,43.29835564490095,53.64322982183833,43.47993312934935,39.59097172955735,50.684939459975126,51.916378547819946,44.78996908880906,44.15565284724997,45.34565572253721,45.23069426051346,48.03950999844689,48.93979247187169,48.13278616964481
196,martiru01,67.24463381417522,37.14771847779524,35.964239610912664,40.16601875157924,44.57833165712203,37.88346421632646,41.800075052614204,51.916378547819946,57.351916747264546,46.113432401191325,42.34639261250225,55.17875329104818,35.050174099421106,29.966799605996158,40.71783960207857
197,martivi01,80.80225579655648,53.12661916109064,49.58474081689091,40.16601875157924,43.47993312934935,50.26289368725049,41.800075052614204,40.418107260900285,46.18574105085967,36.883900218324925,54.343445052642096,42.74367950287977,38.56876607052762,48.843436589535095,37.02809099585175
198,mauerjo01,67.24463381417522,58.365602991679296,55.87112598888087,44.6584224416656,40.18473754603129,47.70163241740414,41.800075052614204,44.25086435654017,55.02563014384686,47.232163574872104,57.342708162677056,42.74367950287977,42.20284259708553,59.27135683547739,36.97886027806785
199,maybica01,56.39853622827019,38.98136281850127,40.15516305890597,44.6584224416656,36.88954196271324,35.74907982478783,51.95420580388382,59.581892739099715,46.18574105085967,38.56199697884609,45.34565572253721,42.74367950287977,37.25767313550802,48.996635981896546,35.42171817254401
200,mazarno01,34.70634105646015,55.48416188485554,53.77566426488421,44.6584224416656,55.562316934848866,60.08106188832817,43.06934139652291,40.418107260900285,49.90779961632796,55.62264737747793,48.34491883257217,47.71770901814714,51.708957208606634,51.215625272006825,51.50675448741744
201,mccanja02,48.26396303884142,47.10178775591368,44.346086506899276,40.16601875157924,42.38153460157666,43.85974051263461,41.800075052614204,51.916378547819946,43.39419712675844,55.62264737747793,42.34639261250225,42.74367950287977,32.99640621026801,38.73571168742917,34.66363300917148
202,mccutan01,59.11006062474644,54.698314310267236,56.918856850879195,49.15082613175197,50.07032429598544,50.68977056555821,58.30053752342734,63.4146498347396,65.26129119888466,57.58042693141929,45.34565572253721,55.17875329104818,49.20577524701639,50.39024543825211,48.90352065415043
203,mcneije01,42.84091424588891,41.862803925325025,39.107432196907645,67.12044089209743,36.88954196271324,35.322202946480104,50.684939459975126,44.25086435654017,37.811109278556,29.89183038282007,45.34565572253721,50.20472377578082,55.26646966428311,74.89972794140537,45.86861509070158
204,mercejo03,59.11006062474644,48.41153371356085,57.96658771287752,49.15082613175197,40.18473754603129,43.85974051263461,44.33860774043161,40.418107260900285,46.18574105085967,47.5118463682923,69.3397606028169,52.6917385334145,45.257689444240604,49.08742800757264,44.798047733605124
205,merriwh01,50.975487435317675,72.7728085257981,72.63481978085409,53.64322982183833,46.775128712667396,52.824154957096844,98.9170605285058,78.74567821729914,59.678203350682224,55.06328179063754,48.34491883257217,52.6917385334145,51.75712970701486,66.55563497292526,45.200234354570554
206,mesorde01,53.68701183179393,34.26627737097147,35.964239610912664,40.16601875157924,44.57833165712203,40.01784860786508,41.800075052614204,40.418107260900285,41.99842516470784,34.92612066438356,51.34418194260713,42.74367950287977,47.94421881394151,39.24596004212417,52.04176230898706
207,molinya01,69.95615821065147,53.91246673567894,48.53700995489258,40.16601875157924,55.562316934848866,58.800431253404994,46.877140428249014,51.916378547819946,44.78996908880906,41.63850770646822,42.34639261250225,60.15278280631555,50.914575826796316,52.469062828828,50.05202912017627
208,moncayo01,34.70634105646015,58.103653800149864,61.1097802988725,67.12044089209743,52.26712135153081,53.25103183540457,57.03127117951863,63.4146498347396,62.46974727478345,83.87060951291753,45.34565572253721,40.25666474524609,47.62451524128953,43.775006583642956,49.78685328159394
209,mondera02,34.70634105646015,42.38670230838389,41.202893920904295,53.64322982183833,48.97192576821276,43.005986756019155,82.41659805769268,67.24740693037948,36.4153373165054,44.71501843409036,42.34639261250225,40.25666474524609,60.80802974287543,57.4325785760791,59.63519464380835
210,moralke01,67.24463381417522,49.45933047967858,43.29835564490095,40.16601875157924,56.66071546262155,51.54352432217367,44.33860774043161,51.916378547819946,54.56037282316333,49.749308715653854,57.342708162677056,45.23069426051346,51.213255578115835,48.46411319045887,52.06479720440838
211,moranco01,42.84091424588891,52.602720778031774,47.48927909289426,44.6584224416656,45.67673018489471,51.97040120048139,41.800075052614204,48.083621452180054,49.44254229564442,46.113432401191325,54.343445052642096,47.71770901814714,46.11442141585721,57.68025919265878,42.241801951521545
212,morelmi01,61.8215850212227,48.41153371356085,51.680202540887564,58.1356335119247,50.07032429598544,56.23916998355865,44.33860774043161,40.418107260900285,54.56037282316333,51.70708826959521,48.34491883257217,37.76964998761241,52.58537595527642,47.01913771968664,54.278826967044374
213,morrilo01,56.39853622827019,37.93356605238353,41.202893920904295,40.16601875157924,50.07032429598544,43.85974051263461,43.06934139652291,40.418107260900285,47.11625569222674,45.55406681435094,42.34639261250225,52.6917385334145,43.07208842699369,27.22759292830258,51.293852575574995
214,moustmi01,53.68701183179393,47.10178775591368,49.58474081689091,44.6584224416656,55.562316934848866,53.67790871371229,45.60787408434032,40.418107260900285,45.25522640949259,40.79945932620764,51.34418194260713,50.20472377578082,57.536547083535524,48.22553537582101,59.604673019582265
215,muncyma01,48.26396303884142,49.72127967120801,45.3938173688976,49.15082613175197,72.03829485143912,60.934815644943626,45.60787408434032,40.418107260900285,68.0528351229859,59.81788927878084,60.341971272712016,50.20472377578082,73.90380998702693,53.08535036013225,76.84888677296594
216,munozya01,34.70634105646015,43.696448266031055,44.346086506899276,40.16601875157924,42.38153460157666,45.14037114755779,48.14640677215772,63.4146498347396,45.25522640949259,43.036921673569196,63.341234382746975,47.71770901814714,47.63282153291687,57.461468846754215,44.11933063186626
217,murphjr01,45.55243864236517,33.48042979638318,37.01197047291099,40.16601875157924,43.47993312934935,37.45658733801873,41.800075052614204,40.418107260900285,36.4153373165054,43.036921673569196,45.34565572253721,40.25666474524609,43.724285358576005,32.67754536683228,49.8006220270588
218,myerswi01,48.26396303884142,43.17254988297219,53.77566426488421,44.6584224416656,45.67673018489471,43.85974051263461,58.30053752342734,44.25086435654017,45.25522640949259,49.46962592223366,45.34565572253721,37.76964998761241,55.74739401035423,49.73127107854136,56.874697474777946
219,narvaom01,42.84091424588891,42.64865149991333,42.25062478290262,44.6584224416656,43.47993312934935,40.01784860786508,41.800075052614204,48.083621452180054,48.97728497496089,41.358824913048025,45.34565572253721,42.74367950287977,49.90759837949051,56.979104506017734,46.99625640314155
220,nimmobr01,40.129389849412654,52.34077158650234,56.918856850879195,76.10524827227016,52.26712135153081,47.27475553909641,53.22347214779253,63.4146498347396,68.51809244366942,62.33503441956259,48.34491883257217,92.48397465555342,60.55108407215016,53.08146170983988,61.1377264866468
221,nunezed02,56.39853622827019,55.74611107638497,51.680202540887564,53.64322982183833,44.57833165712203,45.99412490417323,50.684939459975126,48.083621452180054,38.74162391992308,42.477556086728804,42.34639261250225,42.74367950287977,43.837002002186416,53.5150664708268,41.2896250040217
222,nunezre01,37.4178654529364,36.8857692862658,41.202893920904295,40.16601875157924,41.28313607380397,35.74907982478783,41.800075052614204,40.418107260900285,38.74162391992308,37.16358301174512,42.34639261250225,45.23069426051346,53.50809002396054,56.979104506017734,51.233122305221926
223,odorro01,37.4178654529364,53.91246673567894,51.680202540887564,49.15082613175197,53.3655198793035,54.10478559202002,57.03127117951863,86.4111924085789,51.303571578378566,58.69915810510006,48.34491883257217,65.12681232158292,49.964126557600146,49.71777920693399,50.07485438223146
224,ohtansh01,37.4178654529364,46.83983856438425,49.58474081689091,49.15082613175197,57.75911399039423,53.25103183540457,54.49273849170123,55.74913564345983,48.51202765427735,51.70708826959521,48.34491883257217,42.74367950287977,71.96568244476983,60.39638865361711,71.5355018439965
225,olsonma02,37.4178654529364,59.937298140855894,62.157511160870826,40.16601875157924,65.44790368480302,63.06920003648225,44.33860774043161,44.25086435654017,63.86551923683406,68.76773866822705,51.34418194260713,57.66576804868187,55.30689218475028,47.51869718232394,57.274138803937944
226,owingch01,45.55243864236517,37.6716168608541,43.29835564490095,40.16601875157924,37.987940490485926,36.602833581403274,55.76200483560993,55.74913564345983,42.463682485391374,44.15565284724997,54.343445052642096,42.74367950287977,33.00617604444628,34.168229131223214,36.56977228509476
227,ozunama01,48.26396303884142,65.17628197144455,44.346086506899276,49.15082613175197,58.857512518166914,64.77670754971315,45.60787408434032,40.418107260900285,48.97728497496089,53.94455061695676,48.34491883257217,45.23069426051346,48.635787217614265,58.664698271595164,44.8004540076336
228,palkada01,45.55243864236517,48.67348290509028,43.29835564490095,53.64322982183833,63.25110662925765,55.812293105250916,44.33860774043161,44.25086435654017,45.25522640949259,65.97091073402511,51.34418194260713,42.74367950287977,59.05591131920687,45.2761385972001,62.61602219740972
229,panikjo01,48.26396303884142,46.31594018132539,42.25062478290262,44.6584224416656,37.987940490485926,37.45658733801873,46.877140428249014,48.083621452180054,43.39419712675844,31.569927143341236,51.34418194260713,45.23069426051346,34.80770617688012,50.058769302753646,32.09814341888732
230,parrage01,56.39853622827019,52.34077158650234,45.3938173688976,40.16601875157924,40.18473754603129,49.836016808942766,55.76200483560993,55.74913564345983,46.18574105085967,44.15565284724997,51.34418194260713,50.20472377578082,39.90147649797319,60.06823169151466,33.940183231011424
231,pederjo01,42.84091424588891,48.14958452203142,55.87112598888087,53.64322982183833,61.05430957371229,51.11664744386594,43.06934139652291,59.581892739099715,49.90779961632796,46.95248078145191,51.34418194260713,47.71770901814714,67.07803248028955,48.03399363033487,70.91203611241178
232,pencehu01,67.24463381417522,36.361870903206935,39.107432196907645,44.6584224416656,37.987940490485926,37.45658733801873,48.14640677215772,44.25086435654017,36.4153373165054,39.68072815252686,45.34565572253721,37.76964998761241,36.510420167509054,40.528608985706846,38.05502281958257
233,peralda01,56.39853622827019,65.43823116297398,53.77566426488421,62.628037202011065,66.54630221257571,64.34983067140543,46.877140428249014,40.418107260900285,53.62985818179625,57.86010972483948,54.343445052642096,47.71770901814714,62.67678386278535,62.91745542348788,59.559056461635656
234,perazjo01,37.4178654529364,70.15331661050378,60.062049436874176,58.1356335119247,48.97192576821276,51.97040120048139,70.99320096251435,63.4146498347396,44.78996908880906,44.15565284724997,54.343445052642096,60.15278280631555,47.49101876530399,61.29380504605298,42.362768965335114
235,perezhe01,45.55243864236517,43.43449907450162,39.107432196907645,49.15082613175197,43.47993312934935,39.59097172955735,55.76200483560993,51.916378547819946,39.20688124060662,43.036921673569196,45.34565572253721,37.76964998761241,43.03942473917091,49.71777920693399,41.926235828529656
236,perezsa02,48.26396303884142,53.91246673567894,51.680202540887564,40.16601875157924,63.25110662925765,61.36169252325135,43.06934139652291,44.25086435654017,39.20688124060662,53.385185030116375,42.34639261250225,67.61382707921659,52.60016851032992,43.775006583642956,55.6419357974916
237,peterja01,48.26396303884142,32.694582221794874,41.202893920904295,49.15082613175197,36.88954196271324,39.16409485124963,58.30053752342734,48.083621452180054,45.25522640949259,38.56199697884609,42.34639261250225,45.23069426051346,38.26879980783161,30.375292395751543,44.33589874369576
238,phamth01,53.68701183179393,45.26814341520765,39.107432196907645,40.16601875157924,48.97192576821276,44.71349426925006,54.49273849170123,63.4146498347396,50.83831425769503,50.30867430249424,45.34565572253721,42.74367950287977,44.726211079557515,47.95484131690501,44.64244201309692
239,pillake01,50.975487435317675,56.270009459443834,69.49162719485912,49.15082613175197,50.07032429598544,52.397278078789114,59.569803867336034,51.916378547819946,39.672138561290154,50.58835709591443,42.34639261250225,52.6917385334145,52.583109067332515,49.314920353157845,53.32384319730954
240,pinama01,56.39853622827019,42.64865149991333,41.202893920904295,49.15082613175197,43.47993312934935,39.16409485124963,44.33860774043161,40.418107260900285,41.067910523340764,40.519776532787446,51.34418194260713,50.20472377578082,45.16823713293171,49.20879173688361,44.64244201309692
241,pindech01,42.84091424588891,42.64865149991333,40.15516305890597,44.6584224416656,47.873527240440076,38.737217972941906,41.800075052614204,48.083621452180054,43.85945444744198,47.79152916171249,45.34565572253721,52.6917385334145,50.98656575226755,51.45524251164621,50.55728697637439
242,pireljo01,50.975487435317675,51.031025628855176,51.680202540887564,49.15082613175197,39.08633901825861,40.87160236448053,49.41567311606642,51.916378547819946,45.25522640949259,48.07121195513269,45.34565572253721,45.23069426051346,38.062718784536585,48.285792614963285,36.663918562929666
243,piscost01,45.55243864236517,60.72314571544419,70.53935805685744,40.16601875157924,63.25110662925765,64.77670754971315,44.33860774043161,40.418107260900285,50.83831425769503,55.06328179063754,42.34639261250225,67.61382707921659,61.75894833624336,54.45149873088941,61.99076989678912
244,plaweke01,45.55243864236517,35.57602332861864,41.202893920904295,49.15082613175197,41.28313607380397,40.01784860786508,41.800075052614204,44.25086435654017,44.32471176812552,41.358824913048025,48.34491883257217,60.15278280631555,43.80006125344015,35.39145234721454,48.76403218991928
245,polangr01,45.55243864236517,53.12661916109064,61.1097802988725,67.12044089209743,58.857512518166914,61.78856940155907,57.03127117951863,48.083621452180054,59.678203350682224,55.902330170898125,57.342708162677056,45.23069426051346,63.61718367559085,49.92779584609766,66.05392417083543
246,polanjo01,40.129389849412654,45.26814341520765,46.441548230895926,53.64322982183833,40.18473754603129,45.14037114755779,50.684939459975126,67.24740693037948,42.92893980607491,40.519776532787446,42.34639261250225,42.74367950287977,50.17376748303981,61.3286516018601,45.5052293607492
247,polloaj01,56.39853622827019,50.24517805426688,49.58474081689091,62.628037202011065,56.66071546262155,54.95853934863547,58.30053752342734,48.083621452180054,45.72048373017613,51.147722682754825,48.34491883257217,57.66576804868187,59.72841122132439,50.87971356366706,61.08295876185179
248,poseybu01,56.39853622827019,52.07882239497291,50.63247167888924,44.6584224416656,39.08633901825861,44.71349426925006,45.60787408434032,48.083621452180054,52.23408621974564,38.002631392005696,51.34418194260713,45.23069426051346,42.63676799308851,59.94529586881437,37.20992304394812
249,profaju01,40.129389849412654,57.31780622556157,64.25297288486748,67.12044089209743,55.562316934848866,60.08106188832817,54.49273849170123,40.418107260900285,56.42140210589747,47.79152916171249,45.34565572253721,67.61382707921659,56.95773557787581,49.934679066514995,58.21458676520949
250,puigya01,48.26396303884142,50.769076437325744,49.58474081689091,44.6584224416656,58.857512518166914,54.10478559202002,60.839070211244746,59.581892739099715,48.04677033359381,47.5118463682923,48.34491883257217,40.25666474524609,60.53437245504372,54.207874077865,60.65081274849099
251,pujolal01,75.37920700360397,52.34077158650234,48.53700995489258,40.16601875157924,54.46391840707618,54.531662470327745,43.06934139652291,40.418107260900285,44.32471176812552,41.358824913048025,51.34418194260713,42.74367950287977,47.602707504310914,47.05631168263216,48.4000691864015
252,ramirjo01,42.84091424588891,63.34263763073852,67.39616547086246,58.1356335119247,76.43188896252985,72.03361448094448,84.95513074551008,63.4146498347396,80.61478278144138,45.55406681435094,87.33533926302667,57.66576804868187,70.7450779860153,55.28184573168198,72.22072922565829
253,ramoswi01,56.39853622827019,45.26814341520765,42.25062478290262,40.16601875157924,48.97192576821276,49.836016808942766,41.800075052614204,40.418107260900285,41.5331678440243,40.24009373936725,45.34565572253721,37.76964998761241,58.03506741423354,64.27131836303397,53.535335494018035
254,realmjt01,45.55243864236517,57.05585703403213,59.01431857487585,53.64322982183833,56.66071546262155,58.800431253404994,45.60787408434032,48.083621452180054,48.97728497496089,52.2664538564356,42.34639261250225,62.63979756394923,59.66057559984809,57.55426553827586,58.23445490163906
255,reddijo01,56.39853622827019,49.98322886273745,41.202893920904295,49.15082613175197,52.26712135153081,47.27475553909641,50.684939459975126,48.083621452180054,54.095115502479786,44.71501843409036,51.34418194260713,37.76964998761241,45.119576836062954,46.16938581514022,45.845960622755065
256,rendoan01,48.26396303884142,65.17628197144455,73.68255064285242,49.15082613175197,59.9559110459396,66.48421506294406,44.33860774043161,44.25086435654017,56.886659426581005,46.113432401191325,57.342708162677056,50.20472377578082,67.8443686415621,67.99592414761544,63.53338829377351
257,renfrhu01,42.84091424588891,48.67348290509028,51.680202540887564,44.6584224416656,62.15270810148497,56.23916998355865,44.33860774043161,44.25086435654017,45.25522640949259,53.66486782353657,48.34491883257217,45.23069426051346,63.21335664089395,48.046528014279794,66.35909298432075
258,reyesfr01,29.283292263507636,41.60085473379559,37.01197047291099,40.16601875157924,51.16872282375813,40.44472548617281,41.800075052614204,40.418107260900285,42.463682485391374,45.55406681435094,42.34639261250225,37.76964998761241,59.23685945239332,58.53991244831064,57.32699109176574
259,reyesjo01,67.24463381417522,33.7423789879126,40.15516305890597,53.64322982183833,37.987940490485926,34.041572311556926,48.14640677215772,48.083621452180054,41.5331678440243,34.08707228412298,45.34565572253721,37.76964998761241,36.921737042438295,28.245820593065755,43.63407599532994
260,reyesvi01,37.4178654529364,34.790175754030344,32.82104702491768,53.64322982183833,34.69274490716788,32.334064798326025,53.22347214779253,44.25086435654017,33.623793392404174,36.04485183806434,42.34639261250225,37.76964998761241,28.326766495567544,39.25368723915407,28.95378883855626
261,reynoma01,67.24463381417522,35.83797252014807,35.964239610912664,40.16601875157924,47.873527240440076,44.28661739094234,41.800075052614204,40.418107260900285,42.463682485391374,41.07914211962783,45.34565572253721,42.74367950287977,57.33782949948509,47.85825872792282,59.523183246163086
262,rickajo01,45.55243864236517,36.0999217116775,38.05970133490931,44.6584224416656,42.38153460157666,37.029710459711005,46.877140428249014,48.083621452180054,38.27636659923954,38.56199697884609,42.34639261250225,42.74367950287977,48.50812788551593,46.71384249750834,49.60757947522844
263,riddljt01,45.55243864236517,41.07695635073673,38.05970133490931,58.1356335119247,43.47993312934935,42.57910987771143,41.800075052614204,51.916378547819946,40.60265320265722,41.91819049988842,45.34565572253721,37.76964998761241,42.52392629675073,42.18721222068304,44.44338794205721
264,rizzoan01,50.975487435317675,64.39043439685625,57.96658771287752,44.6584224416656,61.05430957371229,70.32610696771357,49.41567311606642,55.74913564345983,63.86551923683406,45.55406681435094,87.33533926302667,87.50994514028605,56.103201554377705,59.53490359346601,53.226736748094154
265,roberda10,37.4178654529364,41.862803925325025,44.346086506899276,40.16601875157924,43.47993312934935,41.725356121095984,44.33860774043161,48.083621452180054,51.303571578378566,44.71501843409036,42.34639261250225,70.10084183685028,48.6486436893575,52.79277768902105,47.25132090161745
266,rojasmi02,50.975487435317675,54.698314310267236,41.202893920904295,40.16601875157924,45.67673018489471,49.836016808942766,49.41567311606642,51.916378547819946,42.463682485391374,42.477556086728804,48.34491883257217,60.15278280631555,35.98194541222085,49.34686332684299,33.775231847850776
267,rominau01,53.68701183179393,37.93356605238353,40.15516305890597,40.16601875157924,44.57833165712203,45.14037114755779,43.06934139652291,40.418107260900285,39.20688124060662,41.91819049988842,42.34639261250225,42.74367950287977,49.201755312536946,46.60416744855339,50.469297547168615
268,rosaram01,34.70634105646015,59.67534894932646,54.823395126882545,76.10524827227016,43.47993312934935,48.98226305232731,72.26246730642306,82.57843531293902,44.78996908880906,56.46169575773851,54.343445052642096,45.23069426051346,43.36619638248513,50.76634603712659,41.875806007671265
269,rosared01,45.55243864236517,64.65238358838569,60.062049436874176,49.15082613175197,59.9559110459396,60.08106188832817,51.95420580388382,48.083621452180054,45.25522640949259,52.2664538564356,57.342708162677056,37.76964998761241,57.774546050479636,61.30698315320437,54.45840716923435
270,russead02,37.4178654529364,49.98322886273745,49.58474081689091,44.6584224416656,39.08633901825861,43.432863634326885,46.877140428249014,40.418107260900285,49.90779961632796,50.868039889334625,48.34491883257217,42.74367950287977,37.06863592634162,48.66541322155955,35.33666419199018
271,sanchca01,42.84091424588891,60.46119652391476,63.20524202286916,85.09005565244289,42.38153460157666,50.68977056555821,59.569803867336034,63.4146498347396,54.095115502479786,61.775668832722204,42.34639261250225,57.66576804868187,43.348563213207925,45.89418279340683,43.87608383959401
272,sanchga02,42.84091424588891,38.195515243912965,45.3938173688976,40.16601875157924,53.3655198793035,49.836016808942766,43.06934139652291,40.418107260900285,52.699343540429176,49.46962592223366,42.34639261250225,45.23069426051346,49.86612104756488,27.302057908555536,59.25781770590779
273,sandopa01,59.11006062474644,37.40966766932467,38.05970133490931,44.6584224416656,43.47993312934935,44.28661739094234,41.800075052614204,40.418107260900285,40.13739588197369,37.7229485985855,48.34491883257217,42.74367950287977,48.74262636105734,47.94248354465012,49.37387073646269
274,sanomi01,40.129389849412654,36.361870903206935,42.25062478290262,40.16601875157924,47.873527240440076,44.71349426925006,41.800075052614204,40.418107260900285,45.72048373017613,55.34296458405773,42.34639261250225,37.76964998761241,48.232951102992836,31.78799482453917,55.47517408967937
275,santaca01,59.11006062474644,56.0080602679144,56.918856850879195,49.15082613175197,59.9559110459396,63.922953793097705,44.33860774043161,44.25086435654017,82.47581206417553,49.18994312881346,60.341971272712016,40.25666474524609,49.48893656036609,41.53939212059538,52.90816231302114
276,santado01,42.84091424588891,37.14771847779524,42.25062478290262,44.6584224416656,39.08633901825861,35.74907982478783,43.06934139652291,44.25086435654017,40.60265320265722,44.71501843409036,45.34565572253721,40.25666474524609,49.06630638276656,53.78759268591766,47.33014366424457
277,schebsc01,48.26396303884142,47.88763533050198,47.48927909289426,40.16601875157924,52.26712135153081,48.128509295711865,46.877140428249014,48.083621452180054,49.44254229564442,50.868039889334625,45.34565572253721,60.15278280631555,52.24329063355307,50.41566401828761,52.46736231096871
278,schoojo01,45.55243864236517,44.74424503214879,46.441548230895926,44.6584224416656,52.26712135153081,44.28661739094234,41.800075052614204,44.25086435654017,36.880594637188935,43.875970053829775,45.34565572253721,45.23069426051346,54.11101102766235,46.52148137169925,56.28054608061959
279,schwaky01,40.129389849412654,49.197381288149145,42.25062478290262,53.64322982183833,62.15270810148497,53.25103183540457,46.877140428249014,51.916378547819946,67.58757780230235,62.33503441956259,102.33165481320147,40.25666474524609,56.17578748451222,44.780510752186565,59.43243853911099
280,seageky01,56.39853622827019,56.270009459443834,65.3007037468658,44.6584224416656,57.75911399039423,60.5079387666359,44.33860774043161,48.083621452180054,48.97728497496089,61.775668832722204,51.34418194260713,50.20472377578082,48.33348738888892,39.11108533032973,52.555780271223
281,segurje01,48.26396303884142,69.10551984438604,57.96658771287752,53.64322982183833,44.57833165712203,54.10478559202002,67.18540193078826,82.57843531293902,46.18574105085967,42.477556086728804,48.34491883257217,47.71770901814714,46.63260558279027,66.54126820179387,39.175928079236584
282,semiema01,48.26396303884142,64.65238358838569,64.25297288486748,49.15082613175197,50.07032429598544,57.09292374017409,59.569803867336034,63.4146498347396,59.678203350682224,59.81788927878084,45.34565572253721,40.25666474524609,44.70877249897081,50.24396219962124,43.67236837575146
283,shawtr01,48.26396303884142,53.91246673567894,51.680202540887564,40.16601875157924,68.74309926812107,63.922953793097705,48.14640677215772,48.083621452180054,67.58757780230235,53.385185030116375,60.341971272712016,47.71770901814714,58.82559953867095,45.660464564526464,62.18558092460927
284,simmoan01,50.975487435317675,64.91433277991511,54.823395126882545,62.628037202011065,45.67673018489471,59.227308131712725,54.49273849170123,48.083621452180054,47.58151301291028,35.48548625122395,48.34491883257217,50.20472377578082,47.386558977687145,62.771676411795454,41.62680876718295
285,smithma05,40.129389849412654,59.67534894932646,55.87112598888087,85.09005565244289,35.79114343494056,44.28661739094234,92.5707288089623,86.4111924085789,53.16460086111272,50.58835709591443,42.34639261250225,57.66576804868187,46.76763473605736,63.90718057639953,40.42747205883093
286,smoakju01,59.11006062474644,54.436365118737804,63.20524202286916,40.16601875157924,61.05430957371229,60.08106188832817,41.800075052614204,44.25086435654017,69.91386440572003,66.80995911428569,48.34491883257217,45.23069426051346,56.937800807559995,45.86674486837561,59.87855302689729
287,solarya01,56.39853622827019,50.24517805426688,48.53700995489258,40.16601875157924,52.26712135153081,50.26289368725049,43.06934139652291,51.916378547819946,45.72048373017613,43.31660446698939,45.34565572253721,45.23069426051346,43.22332249808524,40.849122270359544,45.82145458771677
288,solerjo01,42.84091424588891,37.93356605238353,46.441548230895926,40.16601875157924,43.47993312934935,39.16409485124963,45.60787408434032,44.25086435654017,44.32471176812552,42.477556086728804,42.34639261250225,47.71770901814714,58.48359474612888,53.51195971025714,58.52624031332897
289,sotoju01,26.57176786703138,54.17441592720837,53.77566426488421,44.6584224416656,57.75911399039423,57.09292374017409,48.14640677215772,48.083621452180054,68.0528351229859,50.868039889334625,72.33902371285185,37.76964998761241,63.806361766075156,62.722379161464694,60.96920310076756
290,souzast01,50.975487435317675,36.361870903206935,43.29835564490095,53.64322982183833,39.08633901825861,39.59097172955735,49.41567311606642,44.25086435654017,44.32471176812552,44.15565284724997,42.34639261250225,45.23069426051346,44.09844849089275,38.661386364742654,47.75875325804651
291,spande01,64.53310941769895,43.43449907450162,43.29835564490095,67.12044089209743,41.28313607380397,40.01784860786508,45.60787408434032,48.083621452180054,41.99842516470784,38.56199697884609,42.34639261250225,50.20472377578082,51.82148098120216,56.01765721461781,49.647230084952646
292,spangco01,45.55243864236517,40.8150071592073,37.01197047291099,58.1356335119247,41.28313607380397,37.88346421632646,49.41567311606642,44.25086435654017,42.92893980607491,53.385185030116375,42.34639261250225,42.74367950287977,39.972107155168686,43.64372049940359,40.83636786281402
293,springe01,50.975487435317675,60.199247332385326,54.823395126882545,40.16601875157924,57.75911399039423,57.519800618481824,49.41567311606642,55.74913564345983,61.07397531273284,57.30074413799909,42.34639261250225,50.20472377578082,50.818803515231906,53.555819859476124,49.48853046318884
294,stantmi03,50.975487435317675,65.43823116297398,63.20524202286916,44.6584224416656,75.33349043475717,69.89923008940586,48.14640677215772,40.418107260900285,63.86551923683406,82.19251275239637,57.342708162677056,57.66576804868187,63.14735431912698,53.92042067851041,63.84486885645988
295,stassma01,45.55243864236517,35.57602332861864,41.202893920904295,40.16601875157924,42.38153460157666,38.737217972941906,41.800075052614204,40.418107260900285,41.99842516470784,43.875970053829775,42.34639261250225,52.6917385334145,46.90687294287022,40.7655255756943,50.190736481896245
296,storytr01,42.84091424588891,68.05772307826831,71.58708891885577,67.12044089209743,74.23509190698448,73.31424511586766,76.07026633814917,63.4146498347396,53.16460086111272,70.16615263532802,51.34418194260713,55.17875329104818,72.7365692791713,62.28985713254452,71.657208396778
297,suareeu01,45.55243864236517,61.50899329003249,50.63247167888924,49.15082613175197,70.93989632366643,71.60673760263676,43.06934139652291,44.25086435654017,61.07397531273284,62.894400006402975,63.341234382746975,60.15278280631555,64.1373336814955,59.55051186724483,62.67439903669474
298,suzukku01,67.24463381417522,47.10178775591368,52.72793340288589,40.16601875157924,46.775128712667396,48.55538617401959,41.800075052614204,40.418107260900285,41.5331678440243,35.20580345780375,42.34639261250225,70.10084183685028,53.80706523658023,55.613454929031796,52.15142699842801
299,swansda01,37.4178654529364,52.34077158650234,53.77566426488421,58.1356335119247,48.97192576821276,52.397278078789114,54.49273849170123,55.74913564345983,51.76882889906211,57.30074413799909,87.33533926302667,42.74367950287977,46.516262472273446,44.83902811155787,48.04135274076672
300,tayloch03,48.26396303884142,58.103653800149864,64.25297288486748,76.10524827227016,52.26712135153081,54.10478559202002,53.22347214779253,63.4146498347396,56.886659426581005,72.96298056952996,42.34639261250225,60.15278280631555,54.79406916389794,49.90626266700107,55.6802873478776
301,taylomi02,45.55243864236517,43.43449907450162,50.63247167888924,53.64322982183833,40.18473754603129,39.16409485124963,72.26246730642306,63.4146498347396,44.78996908880906,55.62264737747793,48.34491883257217,40.25666474524609,41.75733203098338,40.89340720492726,44.07798556802396
302,thameer01,59.11006062474644,36.623820094736374,38.05970133490931,53.64322982183833,51.16872282375813,43.005986756019155,50.684939459975126,40.418107260900285,44.78996908880906,50.30867430249424,54.343445052642096,42.74367950287977,59.38596636549764,38.23122577952701,65.9267216496554
303,torregl01,31.99481665998389,53.12661916109064,44.346086506899276,44.6584224416656,59.9559110459396,60.08106188832817,49.41567311606642,48.083621452180054,50.83831425769503,57.30074413799909,51.34418194260713,50.20472377578082,57.072446587986406,55.802456783623434,55.91555296439259
304,travide01,45.55243864236517,44.22034664908992,42.25062478290262,53.64322982183833,45.67673018489471,45.99412490417323,45.60787408434032,48.083621452180054,38.74162391992308,41.07914211962783,45.34565572253721,50.20472377578082,43.471699042362154,42.843500557373154,45.28644047822541
305,troutmi01,45.55243864236517,60.98509490697363,52.72793340288589,58.1356335119247,76.43188896252985,60.934815644943626,72.26246730642306,48.083621452180054,88.05889991237797,57.86010972483948,117.32797036337628,62.63979756394923,79.96591701114957,69.31725781352573,77.24927385385759
306,trumbma01,59.11006062474644,45.00619422367822,40.15516305890597,40.16601875157924,52.26712135153081,45.99412490417323,41.800075052614204,40.418107260900285,42.463682485391374,47.5118463682923,42.34639261250225,42.74367950287977,52.85091783515311,52.1924337664812,52.4453615978538
307,turneju01,64.53310941769895,52.34077158650234,60.062049436874176,44.6584224416656,48.97192576821276,49.40913993063504,44.33860774043161,44.25086435654017,53.16460086111272,38.28231418542589,51.34418194260713,67.61382707921659,65.09412573622294,69.39269834171559,59.71765211104453
308,turnetr01,40.129389849412654,69.62941822744492,55.87112598888087,67.12044089209743,54.46391840707618,58.37355437509727,96.3785278406884,74.91292112165925,63.40026191615053,60.09757207220103,51.34418194260713,50.20472377578082,47.52677454061429,55.67696008797006,44.73477432315751
309,uptonju01,56.39853622827019,58.365602991679296,46.441548230895926,44.6584224416656,66.54630221257571,63.496076914789974,51.95420580388382,48.083621452180054,61.07397531273284,72.40361498268958,45.34565572253721,62.63979756394923,54.721031076665845,51.00510120030012,55.13852956763956
310,valbulu01,61.8215850212227,36.361870903206935,37.01197047291099,40.16601875157924,43.47993312934935,41.29847924278826,45.60787408434032,40.418107260900285,40.13739588197369,51.147722682754825,51.34418194260713,40.25666474524609,36.774838158535005,31.78799482453917,41.991879909252276
311,valenda01,64.53310941769895,40.029159584618995,35.964239610912664,44.6584224416656,43.47993312934935,39.16409485124963,43.06934139652291,44.25086435654017,41.5331678440243,38.002631392005696,48.34491883257217,37.76964998761241,45.70456207769241,52.90376564108725,43.74084416191703
312,vazquch01,48.26396303884142,36.0999217116775,38.05970133490931,40.16601875157924,36.88954196271324,34.041572311556926,46.877140428249014,44.25086435654017,37.34585195787247,34.64643787096337,45.34565572253721,47.71770901814714,28.851077245519647,34.42283452706943,31.574661205955703
313,villach01,45.55243864236517,44.22034664908992,43.29835564490095,40.16601875157924,55.562316934848866,46.84787866078869,45.60787408434032,40.418107260900285,41.99842516470784,52.2664538564356,42.34639261250225,60.15278280631555,54.07751780871837,44.165124492080764,57.21857614237541
314,villajo01,45.55243864236517,40.029159584618995,38.05970133490931,44.6584224416656,40.18473754603129,36.602833581403274,59.569803867336034,48.083621452180054,40.13739588197369,45.55406681435094,42.34639261250225,42.74367950287977,41.61907178141638,52.223802487280956,39.21531409179227
315,villajo01,45.55243864236517,36.623820094736374,31.773316162919357,40.16601875157924,42.38153460157666,37.45658733801873,68.45466827469696,51.916378547819946,41.5331678440243,39.40104535910667,42.34639261250225,45.23069426051346,42.34364130286941,51.44990312544507,40.388970810879826
316,vottojo01,67.24463381417522,59.937298140855894,56.918856850879195,49.15082613175197,46.775128712667396,55.812293105250916,44.33860774043161,40.418107260900285,81.54529742280846,51.42740547617502,60.341971272712016,60.15278280631555,48.58252956031342,60.069880391094614,44.15489804585849
317,walkene01,61.8215850212227,42.38670230838389,40.15516305890597,44.6584224416656,45.67673018489471,46.84787866078869,41.800075052614204,40.418107260900285,50.83831425769503,47.5118463682923,51.34418194260713,50.20472377578082,39.28058597935249,38.3631444828938,42.213064517842746
318,wendljo01,48.26396303884142,60.72314571544419,62.157511160870826,67.12044089209743,41.28313607380397,53.25103183540457,62.10833655515344,55.74913564345983,48.51202765427735,50.02899150907405,54.343445052642096,60.15278280631555,51.72323238768513,65.22451085179453,45.71251092065745
319,whitety01,48.26396303884142,37.6716168608541,40.15516305890597,53.64322982183833,46.775128712667396,45.14037114755779,41.800075052614204,44.25086435654017,42.463682485391374,36.883900218324925,42.34639261250225,42.74367950287977,67.21228690329991,57.37499456718241,67.19526826189676
320,wietema01,59.11006062474644,37.14771847779524,35.964239610912664,40.16601875157924,42.38153460157666,40.01784860786508,41.800075052614204,44.25086435654017,45.25522640949259,35.765169044644146,51.34418194260713,45.23069426051346,41.49873120388513,44.7738981522387,42.16400706900241
321,willini01,40.129389849412654,49.72127967120801,40.15516305890597,53.64322982183833,52.26712135153081,48.55538617401959,45.60787408434032,48.083621452180054,46.18574105085967,54.22423341037696,48.34491883257217,60.15278280631555,48.664985412654396,50.503821613700175,48.220035452053985
322,winkeje01,40.129389849412654,44.48229584061936,44.346086506899276,40.16601875157924,41.28313607380397,45.56724802586551,41.800075052614204,40.418107260900285,54.095115502479786,36.04485183806434,54.343445052642096,42.74367950287977,49.693052820935655,64.93776271071256,43.44245056704255
323,wongko01,48.26396303884142,45.530092606737085,46.441548230895926,49.15082613175197,43.47993312934935,43.432863634326885,49.41567311606642,59.581892739099715,45.72048373017613,39.96041094594706,51.34418194260713,72.58785659448395,44.74607929498774,48.429897887722205,44.46876310692062
324,yelicch01,45.55243864236517,71.46306256815095,63.20524202286916,71.6128445821838,73.1366933792118,74.16799887248311,69.72393461860565,55.74913564345983,62.935004595466985,60.93662045246162,48.34491883257217,55.17875329104818,75.39491302667477,73.86719516399376,69.98299625192129
325,zimmery01,64.53310941769895,42.38670230838389,49.58474081689091,49.15082613175197,47.873527240440076,48.98226305232731,43.06934139652291,44.25086435654017,45.25522640949259,38.56199697884609,45.34565572253721,45.23069426051346,61.2579854757526,53.28413060181409,61.885500916912356
326,zobribe01,72.66768260712772,58.88950137473816,56.918856850879195,53.64322982183833,43.47993312934935,51.97040120048139,45.60787408434032,55.74913564345983,56.886659426581005,39.96041094594706,45.34565572253721,42.74367950287977,51.45342663471915,67.11998068815905,44.60875593953635
327,zuninmi01,45.55243864236517,42.12475311685446,46.441548230895926,40.16601875157924,55.562316934848866,45.99412490417323,41.800075052614204,40.418107260900285,42.463682485391374,65.13186235376453,42.34639261250225,52.6917385334145,49.6471974625016,32.39465011792826,56.887736152714425
